[
  {
    "word": "T恤",
    "class": "实体",
    "pos": "n"
  },
  {
    "word": "板壁",
    "class": "实体",
    "pos": "n"
  },
  {
    "word": "板凳",
    "class": "实体",
    "pos": "n"
  },
  {
    "word": "办公室",
    "class": "实体",
    "pos": "n"
  },
  {
    "word": "板门",
    "class": "实体",
    "pos": "n"
  },
  {
    "word": "包袱",
    "class": "实体",
    "pos": "n"
  },
  {
    "word": "报纸",
    "class": "实体",
    "pos": "n"
  },
  {
    "word": "背部",
    "class": "实体",
    "pos": "n"
  },
  {
    "word": "碑牌",
    "class": "实体",
    "pos": "n"
  },
  {
    "word": "杯子",
    "class": "实体",
    "pos": "n"
  },
  {
    "word": "本子",
    "class": "实体",
    "pos": "n"
  },
  {
    "word": "笔",
    "class": "实体",
    "pos": "n"
  },
  {
    "word": "壁画",
    "class": "实体",
    "pos": "n"
  },
  {
    "word": "壁架",
    "class": "实体",
    "pos": "n"
  },
  {
    "word": "鼻子",
    "class": "实体",
    "pos": "n"
  },
  {
    "word": "表格",
    "class": "实体",
    "pos": "n"
  },
  {
    "word": "别墅",
    "class": "实体",
    "pos": "n"
  },
  {
    "word": "冰",
    "class": "实体",
    "pos": "n"
  },
  {
    "word": "冰墙",
    "class": "实体",
    "pos": "n"
  },
  {
    "word": "冰箱",
    "class": "实体",
    "pos": "n"
  },
  {
    "word": "玻璃",
    "class": "实体",
    "pos": "n"
  },
  {
    "word": "玻璃窗",
    "class": "实体",
    "pos": "n"
  },
  {
    "word": "玻璃瓶子",
    "class": "实体",
    "pos": "n"
  },
  {
    "word": "脖子",
    "class": "实体",
    "pos": "n"
  },
  {
    "word": "布袋",
    "class": "实体",
    "pos": "n"
  },
  {
    "word": "部落",
    "class": "实体",
    "pos": "n"
  },
  {
    "word": "菜园",
    "class": "实体",
    "pos": "n"
  },
  {
    "word": "餐厅",
    "class": "实体",
    "pos": "n"
  },
  {
    "word": "藏柜",
    "class": "实体",
    "pos": "n"
  },
  {
    "word": "仓库",
    "class": "实体",
    "pos": "n"
  },
  {
    "word": "操场",
    "class": "实体",
    "pos": "n"
  },
  {
    "word": "草地",
    "class": "实体",
    "pos": "n"
  },
  {
    "word": "草垛",
    "class": "实体",
    "pos": "n"
  },
  {
    "word": "草棚",
    "class": "实体",
    "pos": "n"
  },
  {
    "word": "草坪",
    "class": "实体",
    "pos": "n"
  },
  {
    "word": "草席",
    "class": "实体",
    "pos": "n"
  },
  {
    "word": "草鞋",
    "class": "实体",
    "pos": "n"
  },
  {
    "word": "草原",
    "class": "实体",
    "pos": "n"
  },
  {
    "word": "厕所",
    "class": "实体",
    "pos": "n"
  },
  {
    "word": "茶杯",
    "class": "实体",
    "pos": "n"
  },
  {
    "word": "茶几",
    "class": "实体",
    "pos": "n"
  },
  {
    "word": "柴窑",
    "class": "实体",
    "pos": "n"
  },
  {
    "word": "长城",
    "class": "实体",
    "pos": "n"
  },
  {
    "word": "肠胃",
    "class": "实体",
    "pos": "n"
  },
  {
    "word": "炒锅",
    "class": "实体",
    "pos": "n"
  },
  {
    "word": "车",
    "class": "实体",
    "pos": "n"
  },
  {
    "word": "车道",
    "class": "实体",
    "pos": "n"
  },
  {
    "word": "车辆",
    "class": "实体",
    "pos": "n"
  },
  {
    "word": "车厢",
    "class": "实体",
    "pos": "n"
  },
  {
    "word": "车站",
    "class": "实体",
    "pos": "n"
  },
  {
    "word": "车子",
    "class": "实体",
    "pos": "n"
  },
  {
    "word": "沉积物",
    "class": "实体",
    "pos": "n"
  },
  {
    "word": "衬衫",
    "class": "实体",
    "pos": "n"
  },
  {
    "word": "衬衣",
    "class": "实体",
    "pos": "n"
  },
  {
    "word": "沉渣",
    "class": "实体",
    "pos": "n"
  },
  {
    "word": "城堡",
    "class": "实体",
    "pos": "n"
  },
  {
    "word": "城墙",
    "class": "实体",
    "pos": "n"
  },
  {
    "word": "城市",
    "class": "实体",
    "pos": "n"
  },
  {
    "word": "城垣",
    "class": "实体",
    "pos": "n"
  },
  {
    "word": "齿轮",
    "class": "实体",
    "pos": "n"
  },
  {
    "word": "池塘",
    "class": "实体",
    "pos": "n"
  },
  {
    "word": "池子",
    "class": "实体",
    "pos": "n"
  },
  {
    "word": "橱窗",
    "class": "实体",
    "pos": "n"
  },
  {
    "word": "厨房",
    "class": "实体",
    "pos": "n"
  },
  {
    "word": "触角",
    "class": "实体",
    "pos": "n"
  },
  {
    "word": "出租车",
    "class": "实体",
    "pos": "n"
  },
  {
    "word": "船",
    "class": "实体",
    "pos": "n"
  },
  {
    "word": "传送带",
    "class": "实体",
    "pos": "n"
  },
  {
    "word": "船舷",
    "class": "实体",
    "pos": "n"
  },
  {
    "word": "床",
    "class": "实体",
    "pos": "n"
  },
  {
    "word": "窗户",
    "class": "实体",
    "pos": "n"
  },
  {
    "word": "窗口",
    "class": "实体",
    "pos": "n"
  },
  {
    "word": "窗帘",
    "class": "实体",
    "pos": "n"
  },
  {
    "word": "窗扇",
    "class": "实体",
    "pos": "n"
  },
  {
    "word": "窗子",
    "class": "实体",
    "pos": "n"
  },
  {
    "word": "吹台",
    "class": "实体",
    "pos": "n"
  },
  {
    "word": "祠堂",
    "class": "实体",
    "pos": "n"
  },
  {
    "word": "村道",
    "class": "实体",
    "pos": "n"
  },
  {
    "word": "村子",
    "class": "实体",
    "pos": "n"
  },
  {
    "word": "大殿",
    "class": "实体",
    "pos": "n"
  },
  {
    "word": "大坟",
    "class": "实体",
    "pos": "n"
  },
  {
    "word": "大海",
    "class": "实体",
    "pos": "n"
  },
  {
    "word": "大河",
    "class": "实体",
    "pos": "n"
  },
  {
    "word": "大江",
    "class": "实体",
    "pos": "n"
  },
  {
    "word": "大街",
    "class": "实体",
    "pos": "n"
  },
  {
    "word": "大楼",
    "class": "实体",
    "pos": "n"
  },
  {
    "word": "大门",
    "class": "实体",
    "pos": "n"
  },
  {
    "word": "大桥",
    "class": "实体",
    "pos": "n"
  },
  {
    "word": "大厅",
    "class": "实体",
    "pos": "n"
  },
  {
    "word": "大腿",
    "class": "实体",
    "pos": "n"
  },
  {
    "word": "大洋洲",
    "class": "实体",
    "pos": "n"
  },
  {
    "word": "大院",
    "class": "实体",
    "pos": "n"
  },
  {
    "word": "蛋壳",
    "class": "实体",
    "pos": "n"
  },
  {
    "word": "单子",
    "class": "实体",
    "pos": "n"
  },
  {
    "word": "党徽",
    "class": "实体",
    "pos": "n"
  },
  {
    "word": "道观",
    "class": "实体",
    "pos": "n"
  },
  {
    "word": "导坑",
    "class": "实体",
    "pos": "n"
  },
  {
    "word": "导流线",
    "class": "实体",
    "pos": "n"
  },
  {
    "word": "道路",
    "class": "实体",
    "pos": "n"
  },
  {
    "word": "倒木",
    "class": "实体",
    "pos": "n"
  },
  {
    "word": "灯",
    "class": "实体",
    "pos": "n"
  },
  {
    "word": "灯盏",
    "class": "实体",
    "pos": "n"
  },
  {
    "word": "地",
    "class": "实体",
    "pos": "n"
  },
  {
    "word": "地板",
    "class": "实体",
    "pos": "n"
  },
  {
    "word": "地球",
    "class": "实体",
    "pos": "n"
  },
  {
    "word": "地毯",
    "class": "实体",
    "pos": "n"
  },
  {
    "word": "地图",
    "class": "实体",
    "pos": "n"
  },
  {
    "word": "地砖",
    "class": "实体",
    "pos": "n"
  },
  {
    "word": "电报",
    "class": "实体",
    "pos": "n"
  },
  {
    "word": "电动自行车",
    "class": "实体",
    "pos": "n"
  },
  {
    "word": "电缆",
    "class": "实体",
    "pos": "n"
  },
  {
    "word": "电脑",
    "class": "实体",
    "pos": "n"
  },
  {
    "word": "店铺",
    "class": "实体",
    "pos": "n"
  },
  {
    "word": "电梯",
    "class": "实体",
    "pos": "n"
  },
  {
    "word": "吊灯",
    "class": "实体",
    "pos": "n"
  },
  {
    "word": "吊脚楼",
    "class": "实体",
    "pos": "n"
  },
  {
    "word": "雕像",
    "class": "实体",
    "pos": "n"
  },
  {
    "word": "洞",
    "class": "实体",
    "pos": "n"
  },
  {
    "word": "胴部",
    "class": "实体",
    "pos": "n"
  },
  {
    "word": "洞窟",
    "class": "实体",
    "pos": "n"
  },
  {
    "word": "豆腐",
    "class": "实体",
    "pos": "n"
  },
  {
    "word": "肚子",
    "class": "实体",
    "pos": "n"
  },
  {
    "word": "队伍",
    "class": "实体",
    "pos": "n"
  },
  {
    "word": "盾牌",
    "class": "实体",
    "pos": "n"
  },
  {
    "word": "囤子",
    "class": "实体",
    "pos": "n"
  },
  {
    "word": "耳朵",
    "class": "实体",
    "pos": "n"
  },
  {
    "word": "发动机",
    "class": "实体",
    "pos": "n"
  },
  {
    "word": "饭厅",
    "class": "实体",
    "pos": "n"
  },
  {
    "word": "饭碗",
    "class": "实体",
    "pos": "n"
  },
  {
    "word": "房间",
    "class": "实体",
    "pos": "n"
  },
  {
    "word": "房门",
    "class": "实体",
    "pos": "n"
  },
  {
    "word": "房子",
    "class": "实体",
    "pos": "n"
  },
  {
    "word": "肺部",
    "class": "实体",
    "pos": "n"
  },
  {
    "word": "飞机",
    "class": "实体",
    "pos": "n"
  },
  {
    "word": "风",
    "class": "实体",
    "pos": "n"
  },
  {
    "word": "风暴",
    "class": "实体",
    "pos": "n"
  },
  {
    "word": "风扇",
    "class": "实体",
    "pos": "n"
  },
  {
    "word": "风筝",
    "class": "实体",
    "pos": "n"
  },
  {
    "word": "腹部",
    "class": "实体",
    "pos": "n"
  },
  {
    "word": "浮桥",
    "class": "实体",
    "pos": "n"
  },
  {
    "word": "佛坛",
    "class": "实体",
    "pos": "n"
  },
  {
    "word": "盖子",
    "class": "实体",
    "pos": "n"
  },
  {
    "word": "钢筋",
    "class": "实体",
    "pos": "n"
  },
  {
    "word": "钢筋网",
    "class": "实体",
    "pos": "n"
  },
  {
    "word": "钢梁",
    "class": "实体",
    "pos": "n"
  },
  {
    "word": "高山",
    "class": "实体",
    "pos": "n"
  },
  {
    "word": "高台",
    "class": "实体",
    "pos": "n"
  },
  {
    "word": "高原",
    "class": "实体",
    "pos": "n"
  },
  {
    "word": "胳膊肘",
    "class": "实体",
    "pos": "n"
  },
  {
    "word": "隔离室",
    "class": "实体",
    "pos": "n"
  },
  {
    "word": "跟腱",
    "class": "实体",
    "pos": "n"
  },
  {
    "word": "耕地",
    "class": "实体",
    "pos": "n"
  },
  {
    "word": "宫殿",
    "class": "实体",
    "pos": "n"
  },
  {
    "word": "公交车",
    "class": "实体",
    "pos": "n"
  },
  {
    "word": "公路",
    "class": "实体",
    "pos": "n"
  },
  {
    "word": "宫墙",
    "class": "实体",
    "pos": "n"
  },
  {
    "word": "公寓",
    "class": "实体",
    "pos": "n"
  },
  {
    "word": "公园",
    "class": "实体",
    "pos": "n"
  },
  {
    "word": "工作室",
    "class": "实体",
    "pos": "n"
  },
  {
    "word": "古迹",
    "class": "实体",
    "pos": "n"
  },
  {
    "word": "古玩铺",
    "class": "实体",
    "pos": "n"
  },
  {
    "word": "棺材",
    "class": "实体",
    "pos": "n"
  },
  {
    "word": "管道",
    "class": "实体",
    "pos": "n"
  },
  {
    "word": "罐子",
    "class": "实体",
    "pos": "n"
  },
  {
    "word": "广场",
    "class": "实体",
    "pos": "n"
  },
  {
    "word": "柜台",
    "class": "实体",
    "pos": "n"
  },
  {
    "word": "柜子",
    "class": "实体",
    "pos": "n"
  },
  {
    "word": "棍子",
    "class": "实体",
    "pos": "n"
  },
  {
    "word": "过道",
    "class": "实体",
    "pos": "n"
  },
  {
    "word": "国堤",
    "class": "实体",
    "pos": "n"
  },
  {
    "word": "果实",
    "class": "实体",
    "pos": "n"
  },
  {
    "word": "果树",
    "class": "实体",
    "pos": "n"
  },
  {
    "word": "海滩",
    "class": "实体",
    "pos": "n"
  },
  {
    "word": "海湾",
    "class": "实体",
    "pos": "n"
  },
  {
    "word": "海峡",
    "class": "实体",
    "pos": "n"
  },
  {
    "word": "海洋",
    "class": "实体",
    "pos": "n"
  },
  {
    "word": "汉字",
    "class": "实体",
    "pos": "n"
  },
  {
    "word": "巷道",
    "class": "实体",
    "pos": "n"
  },
  {
    "word": "壕沟",
    "class": "实体",
    "pos": "n"
  },
  {
    "word": "荷花",
    "class": "实体",
    "pos": "n"
  },
  {
    "word": "河流",
    "class": "实体",
    "pos": "n"
  },
  {
    "word": "盒子",
    "class": "实体",
    "pos": "n"
  },
  {
    "word": "黑板",
    "class": "实体",
    "pos": "n"
  },
  {
    "word": "横额",
    "class": "实体",
    "pos": "n"
  },
  {
    "word": "横膈膜",
    "class": "实体",
    "pos": "n"
  },
  {
    "word": "横木",
    "class": "实体",
    "pos": "n"
  },
  {
    "word": "湖水",
    "class": "实体",
    "pos": "n"
  },
  {
    "word": "胡同",
    "class": "实体",
    "pos": "n"
  },
  {
    "word": "画",
    "class": "实体",
    "pos": "n"
  },
  {
    "word": "花",
    "class": "实体",
    "pos": "n"
  },
  {
    "word": "花瓣",
    "class": "实体",
    "pos": "n"
  },
  {
    "word": "花店",
    "class": "实体",
    "pos": "n"
  },
  {
    "word": "画舫",
    "class": "实体",
    "pos": "n"
  },
  {
    "word": "花盆",
    "class": "实体",
    "pos": "n"
  },
  {
    "word": "化石",
    "class": "实体",
    "pos": "n"
  },
  {
    "word": "花园",
    "class": "实体",
    "pos": "n"
  },
  {
    "word": "槐树",
    "class": "实体",
    "pos": "n"
  },
  {
    "word": "黄河",
    "class": "实体",
    "pos": "n"
  },
  {
    "word": "会馆",
    "class": "实体",
    "pos": "n"
  },
  {
    "word": "货仓",
    "class": "实体",
    "pos": "n"
  },
  {
    "word": "货车",
    "class": "实体",
    "pos": "n"
  },
  {
    "word": "火车",
    "class": "实体",
    "pos": "n"
  },
  {
    "word": "火车站",
    "class": "实体",
    "pos": "n"
  },
  {
    "word": "火花塞",
    "class": "实体",
    "pos": "n"
  },
  {
    "word": "火炬",
    "class": "实体",
    "pos": "n"
  },
  {
    "word": "火山",
    "class": "实体",
    "pos": "n"
  },
  {
    "word": "火眼",
    "class": "实体",
    "pos": "n"
  },
  {
    "word": "机窗",
    "class": "实体",
    "pos": "n"
  },
  {
    "word": "基地",
    "class": "实体",
    "pos": "n"
  },
  {
    "word": "鸡蛋",
    "class": "实体",
    "pos": "n"
  },
  {
    "word": "记录本",
    "class": "实体",
    "pos": "n"
  },
  {
    "word": "纪念碑",
    "class": "实体",
    "pos": "n"
  },
  {
    "word": "吉普车",
    "class": "实体",
    "pos": "n"
  },
  {
    "word": "计算机",
    "class": "实体",
    "pos": "n"
  },
  {
    "word": "基座",
    "class": "实体",
    "pos": "n"
  },
  {
    "word": "家",
    "class": "实体",
    "pos": "n"
  },
  {
    "word": "夹克",
    "class": "实体",
    "pos": "n"
  },
  {
    "word": "夹裤",
    "class": "实体",
    "pos": "n"
  },
  {
    "word": "夹墙",
    "class": "实体",
    "pos": "n"
  },
  {
    "word": "假山",
    "class": "实体",
    "pos": "n"
  },
  {
    "word": "驾驶室",
    "class": "实体",
    "pos": "n"
  },
  {
    "word": "架子",
    "class": "实体",
    "pos": "n"
  },
  {
    "word": "茧",
    "class": "实体",
    "pos": "n"
  },
  {
    "word": "肩膀",
    "class": "实体",
    "pos": "n"
  },
  {
    "word": "肩部",
    "class": "实体",
    "pos": "n"
  },
  {
    "word": "舰队",
    "class": "实体",
    "pos": "n"
  },
  {
    "word": "监狱",
    "class": "实体",
    "pos": "n"
  },
  {
    "word": "建筑",
    "class": "实体",
    "pos": "n"
  },
  {
    "word": "江水",
    "class": "实体",
    "pos": "n"
  },
  {
    "word": "讲台",
    "class": "实体",
    "pos": "n"
  },
  {
    "word": "讲桌",
    "class": "实体",
    "pos": "n"
  },
  {
    "word": "脚",
    "class": "实体",
    "pos": "n"
  },
  {
    "word": "搅拌车",
    "class": "实体",
    "pos": "n"
  },
  {
    "word": "脚背",
    "class": "实体",
    "pos": "n"
  },
  {
    "word": "轿车",
    "class": "实体",
    "pos": "n"
  },
  {
    "word": "脚跟",
    "class": "实体",
    "pos": "n"
  },
  {
    "word": "脚尖",
    "class": "实体",
    "pos": "n"
  },
  {
    "word": "脚心",
    "class": "实体",
    "pos": "n"
  },
  {
    "word": "教室",
    "class": "实体",
    "pos": "n"
  },
  {
    "word": "教堂",
    "class": "实体",
    "pos": "n"
  },
  {
    "word": "教学楼",
    "class": "实体",
    "pos": "n"
  },
  {
    "word": "街道",
    "class": "实体",
    "pos": "n"
  },
  {
    "word": "解放军",
    "class": "实体",
    "pos": "n"
  },
  {
    "word": "戒指",
    "class": "实体",
    "pos": "n"
  },
  {
    "word": "井",
    "class": "实体",
    "pos": "n"
  },
  {
    "word": "经济圈",
    "class": "实体",
    "pos": "n"
  },
  {
    "word": "景区",
    "class": "实体",
    "pos": "n"
  },
  {
    "word": "镜头",
    "class": "实体",
    "pos": "n"
  },
  {
    "word": "镜子",
    "class": "实体",
    "pos": "n"
  },
  {
    "word": "酒店",
    "class": "实体",
    "pos": "n"
  },
  {
    "word": "酒馆",
    "class": "实体",
    "pos": "n"
  },
  {
    "word": "酒瓶",
    "class": "实体",
    "pos": "n"
  },
  {
    "word": "剧场",
    "class": "实体",
    "pos": "n"
  },
  {
    "word": "巨石",
    "class": "实体",
    "pos": "n"
  },
  {
    "word": "军队",
    "class": "实体",
    "pos": "n"
  },
  {
    "word": "军装",
    "class": "实体",
    "pos": "n"
  },
  {
    "word": "卡车",
    "class": "实体",
    "pos": "n"
  },
  {
    "word": "咖啡馆",
    "class": "实体",
    "pos": "n"
  },
  {
    "word": "烤盘",
    "class": "实体",
    "pos": "n"
  },
  {
    "word": "客车",
    "class": "实体",
    "pos": "n"
  },
  {
    "word": "客厅",
    "class": "实体",
    "pos": "n"
  },
  {
    "word": "课桌",
    "class": "实体",
    "pos": "n"
  },
  {
    "word": "坑道",
    "class": "实体",
    "pos": "n"
  },
  {
    "word": "胯部",
    "class": "实体",
    "pos": "n"
  },
  {
    "word": "髋部",
    "class": "实体",
    "pos": "n"
  },
  {
    "word": "矿道",
    "class": "实体",
    "pos": "n"
  },
  {
    "word": "矿井",
    "class": "实体",
    "pos": "n"
  },
  {
    "word": "空腔",
    "class": "实体",
    "pos": "n"
  },
  {
    "word": "空调",
    "class": "实体",
    "pos": "n"
  },
  {
    "word": "空隙",
    "class": "实体",
    "pos": "n"
  },
  {
    "word": "口袋",
    "class": "实体",
    "pos": "n"
  },
  {
    "word": "裤子",
    "class": "实体",
    "pos": "n"
  },
  {
    "word": "快餐店",
    "class": "实体",
    "pos": "n"
  },
  {
    "word": "筷子",
    "class": "实体",
    "pos": "n"
  },
  {
    "word": "垃圾箱",
    "class": "实体",
    "pos": "n"
  },
  {
    "word": "栏杆",
    "class": "实体",
    "pos": "n"
  },
  {
    "word": "泪珠",
    "class": "实体",
    "pos": "n"
  },
  {
    "word": "理发店",
    "class": "实体",
    "pos": "n"
  },
  {
    "word": "礼服",
    "class": "实体",
    "pos": "n"
  },
  {
    "word": "梨树",
    "class": "实体",
    "pos": "n"
  },
  {
    "word": "脸颊",
    "class": "实体",
    "pos": "n"
  },
  {
    "word": "脸盆",
    "class": "实体",
    "pos": "n"
  },
  {
    "word": "列车",
    "class": "实体",
    "pos": "n"
  },
  {
    "word": "笼子",
    "class": "实体",
    "pos": "n"
  },
  {
    "word": "楼阁",
    "class": "实体",
    "pos": "n"
  },
  {
    "word": "楼梯",
    "class": "实体",
    "pos": "n"
  },
  {
    "word": "路",
    "class": "实体",
    "pos": "n"
  },
  {
    "word": "路口",
    "class": "实体",
    "pos": "n"
  },
  {
    "word": "露营地",
    "class": "实体",
    "pos": "n"
  },
  {
    "word": "炉子",
    "class": "实体",
    "pos": "n"
  },
  {
    "word": "卵石",
    "class": "实体",
    "pos": "n"
  },
  {
    "word": "轮船",
    "class": "实体",
    "pos": "n"
  },
  {
    "word": "轮椅",
    "class": "实体",
    "pos": "n"
  },
  {
    "word": "落地窗",
    "class": "实体",
    "pos": "n"
  },
  {
    "word": "绿化带",
    "class": "实体",
    "pos": "n"
  },
  {
    "word": "马车",
    "class": "实体",
    "pos": "n"
  },
  {
    "word": "马路",
    "class": "实体",
    "pos": "n"
  },
  {
    "word": "马靴",
    "class": "实体",
    "pos": "n"
  },
  {
    "word": "麻纸",
    "class": "实体",
    "pos": "n"
  },
  {
    "word": "帽沿",
    "class": "实体",
    "pos": "n"
  },
  {
    "word": "毛巾",
    "class": "实体",
    "pos": "n"
  },
  {
    "word": "毛衣",
    "class": "实体",
    "pos": "n"
  },
  {
    "word": "帽子",
    "class": "实体",
    "pos": "n"
  },
  {
    "word": "门",
    "class": "实体",
    "pos": "n"
  },
  {
    "word": "门板",
    "class": "实体",
    "pos": "n"
  },
  {
    "word": "门槛",
    "class": "实体",
    "pos": "n"
  },
  {
    "word": "门口",
    "class": "实体",
    "pos": "n"
  },
  {
    "word": "门帘",
    "class": "实体",
    "pos": "n"
  },
  {
    "word": "迷宫",
    "class": "实体",
    "pos": "n"
  },
  {
    "word": "面包车",
    "class": "实体",
    "pos": "n"
  },
  {
    "word": "名片",
    "class": "实体",
    "pos": "n"
  },
  {
    "word": "莫高窟",
    "class": "实体",
    "pos": "n"
  },
  {
    "word": "摩托车",
    "class": "实体",
    "pos": "n"
  },
  {
    "word": "木板",
    "class": "实体",
    "pos": "n"
  },
  {
    "word": "木凳",
    "class": "实体",
    "pos": "n"
  },
  {
    "word": "木柜",
    "class": "实体",
    "pos": "n"
  },
  {
    "word": "木门",
    "class": "实体",
    "pos": "n"
  },
  {
    "word": "木头",
    "class": "实体",
    "pos": "n"
  },
  {
    "word": "木箱",
    "class": "实体",
    "pos": "n"
  },
  {
    "word": "木桩",
    "class": "实体",
    "pos": "n"
  },
  {
    "word": "南海",
    "class": "实体",
    "pos": "n"
  },
  {
    "word": "尼姑庵",
    "class": "实体",
    "pos": "n"
  },
  {
    "word": "泥土",
    "class": "实体",
    "pos": "n"
  },
  {
    "word": "农田",
    "class": "实体",
    "pos": "n"
  },
  {
    "word": "排骨",
    "class": "实体",
    "pos": "n"
  },
  {
    "word": "牌子",
    "class": "实体",
    "pos": "n"
  },
  {
    "word": "篷舱",
    "class": "实体",
    "pos": "n"
  },
  {
    "word": "棚子",
    "class": "实体",
    "pos": "n"
  },
  {
    "word": "皮肤",
    "class": "实体",
    "pos": "n"
  },
  {
    "word": "皮鞋",
    "class": "实体",
    "pos": "n"
  },
  {
    "word": "平房",
    "class": "实体",
    "pos": "n"
  },
  {
    "word": "屏幕",
    "class": "实体",
    "pos": "n"
  },
  {
    "word": "平原",
    "class": "实体",
    "pos": "n"
  },
  {
    "word": "瓶子",
    "class": "实体",
    "pos": "n"
  },
  {
    "word": "瀑布",
    "class": "实体",
    "pos": "n"
  },
  {
    "word": "葡萄架",
    "class": "实体",
    "pos": "n"
  },
  {
    "word": "扑翼架",
    "class": "实体",
    "pos": "n"
  },
  {
    "word": "铺子",
    "class": "实体",
    "pos": "n"
  },
  {
    "word": "汽车",
    "class": "实体",
    "pos": "n"
  },
  {
    "word": "旗杆",
    "class": "实体",
    "pos": "n"
  },
  {
    "word": "器官",
    "class": "实体",
    "pos": "n"
  },
  {
    "word": "器具",
    "class": "实体",
    "pos": "n"
  },
  {
    "word": "旗帜",
    "class": "实体",
    "pos": "n"
  },
  {
    "word": "钱",
    "class": "实体",
    "pos": "n"
  },
  {
    "word": "钱币",
    "class": "实体",
    "pos": "n"
  },
  {
    "word": "牵引车",
    "class": "实体",
    "pos": "n"
  },
  {
    "word": "墙",
    "class": "实体",
    "pos": "n"
  },
  {
    "word": "墙壁",
    "class": "实体",
    "pos": "n"
  },
  {
    "word": "墙布",
    "class": "实体",
    "pos": "n"
  },
  {
    "word": "寝室",
    "class": "实体",
    "pos": "n"
  },
  {
    "word": "秋裤",
    "class": "实体",
    "pos": "n"
  },
  {
    "word": "丘陵",
    "class": "实体",
    "pos": "n"
  },
  {
    "word": "躯干",
    "class": "实体",
    "pos": "n"
  },
  {
    "word": "裙子",
    "class": "实体",
    "pos": "n"
  },
  {
    "word": "人行道",
    "class": "实体",
    "pos": "n"
  },
  {
    "word": "日记本",
    "class": "实体",
    "pos": "n"
  },
  {
    "word": "日历",
    "class": "实体",
    "pos": "n"
  },
  {
    "word": "肉店",
    "class": "实体",
    "pos": "n"
  },
  {
    "word": "瑞士球",
    "class": "实体",
    "pos": "n"
  },
  {
    "word": "塞子",
    "class": "实体",
    "pos": "n"
  },
  {
    "word": "三角窗",
    "class": "实体",
    "pos": "n"
  },
  {
    "word": "三角旗",
    "class": "实体",
    "pos": "n"
  },
  {
    "word": "森林",
    "class": "实体",
    "pos": "n"
  },
  {
    "word": "沙坝",
    "class": "实体",
    "pos": "n"
  },
  {
    "word": "沙发",
    "class": "实体",
    "pos": "n"
  },
  {
    "word": "沙漠",
    "class": "实体",
    "pos": "n"
  },
  {
    "word": "沙滩",
    "class": "实体",
    "pos": "n"
  },
  {
    "word": "沙土",
    "class": "实体",
    "pos": "n"
  },
  {
    "word": "山",
    "class": "实体",
    "pos": "n"
  },
  {
    "word": "山道",
    "class": "实体",
    "pos": "n"
  },
  {
    "word": "山顶",
    "class": "实体",
    "pos": "n"
  },
  {
    "word": "山洞",
    "class": "实体",
    "pos": "n"
  },
  {
    "word": "山峰",
    "class": "实体",
    "pos": "n"
  },
  {
    "word": "山谷",
    "class": "实体",
    "pos": "n"
  },
  {
    "word": "山路",
    "class": "实体",
    "pos": "n"
  },
  {
    "word": "山坡",
    "class": "实体",
    "pos": "n"
  },
  {
    "word": "山体",
    "class": "实体",
    "pos": "n"
  },
  {
    "word": "山头",
    "class": "实体",
    "pos": "n"
  },
  {
    "word": "山楂",
    "class": "实体",
    "pos": "n"
  },
  {
    "word": "商标",
    "class": "实体",
    "pos": "n"
  },
  {
    "word": "上衣",
    "class": "实体",
    "pos": "n"
  },
  {
    "word": "舌头",
    "class": "实体",
    "pos": "n"
  },
  {
    "word": "深沟",
    "class": "实体",
    "pos": "n"
  },
  {
    "word": "身体",
    "class": "实体",
    "pos": "n"
  },
  {
    "word": "绳索",
    "class": "实体",
    "pos": "n"
  },
  {
    "word": "石板路",
    "class": "实体",
    "pos": "n"
  },
  {
    "word": "市场",
    "class": "实体",
    "pos": "n"
  },
  {
    "word": "石缝",
    "class": "实体",
    "pos": "n"
  },
  {
    "word": "石灰皮",
    "class": "实体",
    "pos": "n"
  },
  {
    "word": "石磨",
    "class": "实体",
    "pos": "n"
  },
  {
    "word": "食堂",
    "class": "实体",
    "pos": "n"
  },
  {
    "word": "石头",
    "class": "实体",
    "pos": "n"
  },
  {
    "word": "石崖",
    "class": "实体",
    "pos": "n"
  },
  {
    "word": "石座",
    "class": "实体",
    "pos": "n"
  },
  {
    "word": "手",
    "class": "实体",
    "pos": "n"
  },
  {
    "word": "手背",
    "class": "实体",
    "pos": "n"
  },
  {
    "word": "手臂",
    "class": "实体",
    "pos": "n"
  },
  {
    "word": "收费口",
    "class": "实体",
    "pos": "n"
  },
  {
    "word": "手机",
    "class": "实体",
    "pos": "n"
  },
  {
    "word": "手心",
    "class": "实体",
    "pos": "n"
  },
  {
    "word": "手掌",
    "class": "实体",
    "pos": "n"
  },
  {
    "word": "手指",
    "class": "实体",
    "pos": "n"
  },
  {
    "word": "树",
    "class": "实体",
    "pos": "n"
  },
  {
    "word": "书",
    "class": "实体",
    "pos": "n"
  },
  {
    "word": "书橱",
    "class": "实体",
    "pos": "n"
  },
  {
    "word": "书底",
    "class": "实体",
    "pos": "n"
  },
  {
    "word": "书店",
    "class": "实体",
    "pos": "n"
  },
  {
    "word": "树洞",
    "class": "实体",
    "pos": "n"
  },
  {
    "word": "书房",
    "class": "实体",
    "pos": "n"
  },
  {
    "word": "树干",
    "class": "实体",
    "pos": "n"
  },
  {
    "word": "树根",
    "class": "实体",
    "pos": "n"
  },
  {
    "word": "树皮",
    "class": "实体",
    "pos": "n"
  },
  {
    "word": "树身",
    "class": "实体",
    "pos": "n"
  },
  {
    "word": "树脂",
    "class": "实体",
    "pos": "n"
  },
  {
    "word": "双臂",
    "class": "实体",
    "pos": "n"
  },
  {
    "word": "双脚",
    "class": "实体",
    "pos": "n"
  },
  {
    "word": "双手",
    "class": "实体",
    "pos": "n"
  },
  {
    "word": "双腿",
    "class": "实体",
    "pos": "n"
  },
  {
    "word": "双膝",
    "class": "实体",
    "pos": "n"
  },
  {
    "word": "水池",
    "class": "实体",
    "pos": "n"
  },
  {
    "word": "水缸",
    "class": "实体",
    "pos": "n"
  },
  {
    "word": "水沟",
    "class": "实体",
    "pos": "n"
  },
  {
    "word": "水壶",
    "class": "实体",
    "pos": "n"
  },
  {
    "word": "水井",
    "class": "实体",
    "pos": "n"
  },
  {
    "word": "水晶体",
    "class": "实体",
    "pos": "n"
  },
  {
    "word": "水塘",
    "class": "实体",
    "pos": "n"
  },
  {
    "word": "水域",
    "class": "实体",
    "pos": "n"
  },
  {
    "word": "水珠",
    "class": "实体",
    "pos": "n"
  },
  {
    "word": "寺庙",
    "class": "实体",
    "pos": "n"
  },
  {
    "word": "饲养箱",
    "class": "实体",
    "pos": "n"
  },
  {
    "word": "塑料袋",
    "class": "实体",
    "pos": "n"
  },
  {
    "word": "宿舍",
    "class": "实体",
    "pos": "n"
  },
  {
    "word": "塑像",
    "class": "实体",
    "pos": "n"
  },
  {
    "word": "宿营点",
    "class": "实体",
    "pos": "n"
  },
  {
    "word": "酸液",
    "class": "实体",
    "pos": "n"
  },
  {
    "word": "隧道",
    "class": "实体",
    "pos": "n"
  },
  {
    "word": "踏板",
    "class": "实体",
    "pos": "n"
  },
  {
    "word": "台",
    "class": "实体",
    "pos": "n"
  },
  {
    "word": "台灯",
    "class": "实体",
    "pos": "n"
  },
  {
    "word": "台风",
    "class": "实体",
    "pos": "n"
  },
  {
    "word": "台阶",
    "class": "实体",
    "pos": "n"
  },
  {
    "word": "台历",
    "class": "实体",
    "pos": "n"
  },
  {
    "word": "台湾岛",
    "class": "实体",
    "pos": "n"
  },
  {
    "word": "太阳",
    "class": "实体",
    "pos": "n"
  },
  {
    "word": "太阳灶",
    "class": "实体",
    "pos": "n"
  },
  {
    "word": "糖葫芦",
    "class": "实体",
    "pos": "n"
  },
  {
    "word": "堂屋",
    "class": "实体",
    "pos": "n"
  },
  {
    "word": "陶釜",
    "class": "实体",
    "pos": "n"
  },
  {
    "word": "套娃",
    "class": "实体",
    "pos": "n"
  },
  {
    "word": "藤榻",
    "class": "实体",
    "pos": "n"
  },
  {
    "word": "体检表",
    "class": "实体",
    "pos": "n"
  },
  {
    "word": "体育馆",
    "class": "实体",
    "pos": "n"
  },
  {
    "word": "梯子",
    "class": "实体",
    "pos": "n"
  },
  {
    "word": "天安门广场",
    "class": "实体",
    "pos": "n"
  },
  {
    "word": "天空",
    "class": "实体",
    "pos": "n"
  },
  {
    "word": "天桥",
    "class": "实体",
    "pos": "n"
  },
  {
    "word": "跳板",
    "class": "实体",
    "pos": "n"
  },
  {
    "word": "铁道",
    "class": "实体",
    "pos": "n"
  },
  {
    "word": "铁栏",
    "class": "实体",
    "pos": "n"
  },
  {
    "word": "铁路",
    "class": "实体",
    "pos": "n"
  },
  {
    "word": "厅堂",
    "class": "实体",
    "pos": "n"
  },
  {
    "word": "庭院",
    "class": "实体",
    "pos": "n"
  },
  {
    "word": "桶",
    "class": "实体",
    "pos": "n"
  },
  {
    "word": "铜牌",
    "class": "实体",
    "pos": "n"
  },
  {
    "word": "头",
    "class": "实体",
    "pos": "n"
  },
  {
    "word": "头部",
    "class": "实体",
    "pos": "n"
  },
  {
    "word": "头盔",
    "class": "实体",
    "pos": "n"
  },
  {
    "word": "图",
    "class": "实体",
    "pos": "n"
  },
  {
    "word": "土",
    "class": "实体",
    "pos": "n"
  },
  {
    "word": "图案",
    "class": "实体",
    "pos": "n"
  },
  {
    "word": "图表",
    "class": "实体",
    "pos": "n"
  },
  {
    "word": "土墩",
    "class": "实体",
    "pos": "n"
  },
  {
    "word": "土墙",
    "class": "实体",
    "pos": "n"
  },
  {
    "word": "土丘",
    "class": "实体",
    "pos": "n"
  },
  {
    "word": "土壤",
    "class": "实体",
    "pos": "n"
  },
  {
    "word": "图书馆",
    "class": "实体",
    "pos": "n"
  },
  {
    "word": "腿",
    "class": "实体",
    "pos": "n"
  },
  {
    "word": "屯兵洞",
    "class": "实体",
    "pos": "n"
  },
  {
    "word": "臀部",
    "class": "实体",
    "pos": "n"
  },
  {
    "word": "挖掘机",
    "class": "实体",
    "pos": "n"
  },
  {
    "word": "瓦片",
    "class": "实体",
    "pos": "n"
  },
  {
    "word": "袜子",
    "class": "实体",
    "pos": "n"
  },
  {
    "word": "外套",
    "class": "实体",
    "pos": "n"
  },
  {
    "word": "弯道",
    "class": "实体",
    "pos": "n"
  },
  {
    "word": "玩偶",
    "class": "实体",
    "pos": "n"
  },
  {
    "word": "网约车",
    "class": "实体",
    "pos": "n"
  },
  {
    "word": "尾巴",
    "class": "实体",
    "pos": "n"
  },
  {
    "word": "胃部",
    "class": "实体",
    "pos": "n"
  },
  {
    "word": "桅杆",
    "class": "实体",
    "pos": "n"
  },
  {
    "word": "围巾",
    "class": "实体",
    "pos": "n"
  },
  {
    "word": "围墙",
    "class": "实体",
    "pos": "n"
  },
  {
    "word": "卫生间",
    "class": "实体",
    "pos": "n"
  },
  {
    "word": "苇塘",
    "class": "实体",
    "pos": "n"
  },
  {
    "word": "文化宫",
    "class": "实体",
    "pos": "n"
  },
  {
    "word": "文件",
    "class": "实体",
    "pos": "n"
  },
  {
    "word": "蚊帐",
    "class": "实体",
    "pos": "n"
  },
  {
    "word": "窝棚",
    "class": "实体",
    "pos": "n"
  },
  {
    "word": "卧室",
    "class": "实体",
    "pos": "n"
  },
  {
    "word": "屋顶",
    "class": "实体",
    "pos": "n"
  },
  {
    "word": "舞厅",
    "class": "实体",
    "pos": "n"
  },
  {
    "word": "五指",
    "class": "实体",
    "pos": "n"
  },
  {
    "word": "屋子",
    "class": "实体",
    "pos": "n"
  },
  {
    "word": "膝盖",
    "class": "实体",
    "pos": "n"
  },
  {
    "word": "洗手台",
    "class": "实体",
    "pos": "n"
  },
  {
    "word": "西装",
    "class": "实体",
    "pos": "n"
  },
  {
    "word": "席子",
    "class": "实体",
    "pos": "n"
  },
  {
    "word": "峡谷",
    "class": "实体",
    "pos": "n"
  },
  {
    "word": "线",
    "class": "实体",
    "pos": "n"
  },
  {
    "word": "县城",
    "class": "实体",
    "pos": "n"
  },
  {
    "word": "县境",
    "class": "实体",
    "pos": "n"
  },
  {
    "word": "箱柜",
    "class": "实体",
    "pos": "n"
  },
  {
    "word": "香蕉",
    "class": "实体",
    "pos": "n"
  },
  {
    "word": "香囊",
    "class": "实体",
    "pos": "n"
  },
  {
    "word": "橡树",
    "class": "实体",
    "pos": "n"
  },
  {
    "word": "箱子",
    "class": "实体",
    "pos": "n"
  },
  {
    "word": "巷子",
    "class": "实体",
    "pos": "n"
  },
  {
    "word": "小车",
    "class": "实体",
    "pos": "n"
  },
  {
    "word": "小岛",
    "class": "实体",
    "pos": "n"
  },
  {
    "word": "小店",
    "class": "实体",
    "pos": "n"
  },
  {
    "word": "小路",
    "class": "实体",
    "pos": "n"
  },
  {
    "word": "小区",
    "class": "实体",
    "pos": "n"
  },
  {
    "word": "小说",
    "class": "实体",
    "pos": "n"
  },
  {
    "word": "小腿",
    "class": "实体",
    "pos": "n"
  },
  {
    "word": "小溪",
    "class": "实体",
    "pos": "n"
  },
  {
    "word": "鞋",
    "class": "实体",
    "pos": "n"
  },
  {
    "word": "鞋子",
    "class": "实体",
    "pos": "n"
  },
  {
    "word": "写字楼",
    "class": "实体",
    "pos": "n"
  },
  {
    "word": "信",
    "class": "实体",
    "pos": "n"
  },
  {
    "word": "心房",
    "class": "实体",
    "pos": "n"
  },
  {
    "word": "心脏",
    "class": "实体",
    "pos": "n"
  },
  {
    "word": "星星",
    "class": "实体",
    "pos": "n"
  },
  {
    "word": "星座",
    "class": "实体",
    "pos": "n"
  },
  {
    "word": "胸部",
    "class": "实体",
    "pos": "n"
  },
  {
    "word": "悬崖",
    "class": "实体",
    "pos": "n"
  },
  {
    "word": "雪",
    "class": "实体",
    "pos": "n"
  },
  {
    "word": "雪花",
    "class": "实体",
    "pos": "n"
  },
  {
    "word": "血浆",
    "class": "实体",
    "pos": "n"
  },
  {
    "word": "雪山",
    "class": "实体",
    "pos": "n"
  },
  {
    "word": "学校",
    "class": "实体",
    "pos": "n"
  },
  {
    "word": "血液",
    "class": "实体",
    "pos": "n"
  },
  {
    "word": "学院",
    "class": "实体",
    "pos": "n"
  },
  {
    "word": "靴子",
    "class": "实体",
    "pos": "n"
  },
  {
    "word": "训练室",
    "class": "实体",
    "pos": "n"
  },
  {
    "word": "鸭蛋",
    "class": "实体",
    "pos": "n"
  },
  {
    "word": "牙齿",
    "class": "实体",
    "pos": "n"
  },
  {
    "word": "牙颈",
    "class": "实体",
    "pos": "n"
  },
  {
    "word": "牙根",
    "class": "实体",
    "pos": "n"
  },
  {
    "word": "牙刷",
    "class": "实体",
    "pos": "n"
  },
  {
    "word": "岩壁",
    "class": "实体",
    "pos": "n"
  },
  {
    "word": "岩洞",
    "class": "实体",
    "pos": "n"
  },
  {
    "word": "眼睛",
    "class": "实体",
    "pos": "n"
  },
  {
    "word": "岩穴",
    "class": "实体",
    "pos": "n"
  },
  {
    "word": "眼珠",
    "class": "实体",
    "pos": "n"
  },
  {
    "word": "阳台",
    "class": "实体",
    "pos": "n"
  },
  {
    "word": "腰",
    "class": "实体",
    "pos": "n"
  },
  {
    "word": "腰部",
    "class": "实体",
    "pos": "n"
  },
  {
    "word": "腰际",
    "class": "实体",
    "pos": "n"
  },
  {
    "word": "窑洞",
    "class": "实体",
    "pos": "n"
  },
  {
    "word": "药房",
    "class": "实体",
    "pos": "n"
  },
  {
    "word": "窑口",
    "class": "实体",
    "pos": "n"
  },
  {
    "word": "驿馆",
    "class": "实体",
    "pos": "n"
  },
  {
    "word": "驿门",
    "class": "实体",
    "pos": "n"
  },
  {
    "word": "仪器",
    "class": "实体",
    "pos": "n"
  },
  {
    "word": "椅子",
    "class": "实体",
    "pos": "n"
  },
  {
    "word": "银盔",
    "class": "实体",
    "pos": "n"
  },
  {
    "word": "英国",
    "class": "实体",
    "pos": "n"
  },
  {
    "word": "硬纸壳",
    "class": "实体",
    "pos": "n"
  },
  {
    "word": "疣",
    "class": "实体",
    "pos": "n"
  },
  {
    "word": "右后轮",
    "class": "实体",
    "pos": "n"
  },
  {
    "word": "右脚",
    "class": "实体",
    "pos": "n"
  },
  {
    "word": "右手",
    "class": "实体",
    "pos": "n"
  },
  {
    "word": "油桶",
    "class": "实体",
    "pos": "n"
  },
  {
    "word": "右腿",
    "class": "实体",
    "pos": "n"
  },
  {
    "word": "右膝",
    "class": "实体",
    "pos": "n"
  },
  {
    "word": "游泳池",
    "class": "实体",
    "pos": "n"
  },
  {
    "word": "游泳馆",
    "class": "实体",
    "pos": "n"
  },
  {
    "word": "油毡布",
    "class": "实体",
    "pos": "n"
  },
  {
    "word": "雨",
    "class": "实体",
    "pos": "n"
  },
  {
    "word": "雨林",
    "class": "实体",
    "pos": "n"
  },
  {
    "word": "鱼鳞",
    "class": "实体",
    "pos": "n"
  },
  {
    "word": "鱼身",
    "class": "实体",
    "pos": "n"
  },
  {
    "word": "浴堂",
    "class": "实体",
    "pos": "n"
  },
  {
    "word": "雨衣",
    "class": "实体",
    "pos": "n"
  },
  {
    "word": "圆坑",
    "class": "实体",
    "pos": "n"
  },
  {
    "word": "院门",
    "class": "实体",
    "pos": "n"
  },
  {
    "word": "圆盘",
    "class": "实体",
    "pos": "n"
  },
  {
    "word": "圆球",
    "class": "实体",
    "pos": "n"
  },
  {
    "word": "园区",
    "class": "实体",
    "pos": "n"
  },
  {
    "word": "远山",
    "class": "实体",
    "pos": "n"
  },
  {
    "word": "圆柱",
    "class": "实体",
    "pos": "n"
  },
  {
    "word": "院子",
    "class": "实体",
    "pos": "n"
  },
  {
    "word": "月球",
    "class": "实体",
    "pos": "n"
  },
  {
    "word": "运动场",
    "class": "实体",
    "pos": "n"
  },
  {
    "word": "灶台",
    "class": "实体",
    "pos": "n"
  },
  {
    "word": "寨子",
    "class": "实体",
    "pos": "n"
  },
  {
    "word": "战利品",
    "class": "实体",
    "pos": "n"
  },
  {
    "word": "展厅",
    "class": "实体",
    "pos": "n"
  },
  {
    "word": "毡子",
    "class": "实体",
    "pos": "n"
  },
  {
    "word": "帐篷",
    "class": "实体",
    "pos": "n"
  },
  {
    "word": "阵地",
    "class": "实体",
    "pos": "n"
  },
  {
    "word": "正座",
    "class": "实体",
    "pos": "n"
  },
  {
    "word": "纸",
    "class": "实体",
    "pos": "n"
  },
  {
    "word": "纸袋",
    "class": "实体",
    "pos": "n"
  },
  {
    "word": "制服",
    "class": "实体",
    "pos": "n"
  },
  {
    "word": "纸巾",
    "class": "实体",
    "pos": "n"
  },
  {
    "word": "纸条",
    "class": "实体",
    "pos": "n"
  },
  {
    "word": "种子",
    "class": "实体",
    "pos": "n"
  },
  {
    "word": "肘部",
    "class": "实体",
    "pos": "n"
  },
  {
    "word": "主峰",
    "class": "实体",
    "pos": "n"
  },
  {
    "word": "竹筐",
    "class": "实体",
    "pos": "n"
  },
  {
    "word": "竹棚",
    "class": "实体",
    "pos": "n"
  },
  {
    "word": "住所",
    "class": "实体",
    "pos": "n"
  },
  {
    "word": "主卧",
    "class": "实体",
    "pos": "n"
  },
  {
    "word": "主席台",
    "class": "实体",
    "pos": "n"
  },
  {
    "word": "住宅",
    "class": "实体",
    "pos": "n"
  },
  {
    "word": "柱子",
    "class": "实体",
    "pos": "n"
  },
  {
    "word": "砖头",
    "class": "实体",
    "pos": "n"
  },
  {
    "word": "桌子",
    "class": "实体",
    "pos": "n"
  },
  {
    "word": "字",
    "class": "实体",
    "pos": "n"
  },
  {
    "word": "自行车",
    "class": "实体",
    "pos": "n"
  },
  {
    "word": "走廊",
    "class": "实体",
    "pos": "n"
  },
  {
    "word": "钻石",
    "class": "实体",
    "pos": "n"
  },
  {
    "word": "嘴巴",
    "class": "实体",
    "pos": "n"
  },
  {
    "word": "座舱",
    "class": "实体",
    "pos": "n"
  },
  {
    "word": "坐垫",
    "class": "实体",
    "pos": "n"
  },
  {
    "word": "左脚",
    "class": "实体",
    "pos": "n"
  },
  {
    "word": "左手",
    "class": "实体",
    "pos": "n"
  },
  {
    "word": "左腿",
    "class": "实体",
    "pos": "n"
  },
  {
    "word": "座位",
    "class": "实体",
    "pos": "n"
  },
  {
    "word": "左膝",
    "class": "实体",
    "pos": "n"
  },
  {
    "word": "座椅",
    "class": "实体",
    "pos": "n"
  },
  {
    "word": "钟",
    "class": "实体",
    "pos": "n"
  }
]