[
  {
    "word": "上",
    "class": "定位标记",
    "pos": "f"
  },
  {
    "word": "上面",
    "class": "定位标记",
    "pos": "f"
  },
  {
    "word": "上边",
    "class": "定位标记",
    "pos": "f"
  },
  {
    "word": "上头",
    "class": "定位标记",
    "pos": "f"
  },
  {
    "word": "上端",
    "class": "定位标记",
    "pos": "f"
  },
  {
    "word": "上层",
    "class": "定位标记",
    "pos": "f"
  },
  {
    "word": "上游",
    "class": "定位标记",
    "pos": "f"
  },
  {
    "word": "上侧",
    "class": "定位标记",
    "pos": "f"
  },
  {
    "word": "上方",
    "class": "定位标记",
    "pos": "f"
  },
  {
    "word": "上部",
    "class": "定位标记",
    "pos": "f"
  },
  {
    "word": "以上",
    "class": "定位标记",
    "pos": "f"
  },
  {
    "word": "之上",
    "class": "定位标记",
    "pos": "f"
  },
  {
    "word": "最上",
    "class": "定位标记",
    "pos": "f"
  },
  {
    "word": "偏上",
    "class": "定位标记",
    "pos": "f"
  },
  {
    "word": "正上方",
    "class": "定位标记",
    "pos": "f"
  },
  {
    "word": "斜上方",
    "class": "定位标记",
    "pos": "f"
  },
  {
    "word": "下",
    "class": "定位标记",
    "pos": "f"
  },
  {
    "word": "下面",
    "class": "定位标记",
    "pos": "f"
  },
  {
    "word": "下边",
    "class": "定位标记",
    "pos": "f"
  },
  {
    "word": "下头",
    "class": "定位标记",
    "pos": "f"
  },
  {
    "word": "下端",
    "class": "定位标记",
    "pos": "f"
  },
  {
    "word": "下层",
    "class": "定位标记",
    "pos": "f"
  },
  {
    "word": "下游",
    "class": "定位标记",
    "pos": "f"
  },
  {
    "word": "下侧",
    "class": "定位标记",
    "pos": "f"
  },
  {
    "word": "下方",
    "class": "定位标记",
    "pos": "f"
  },
  {
    "word": "下部",
    "class": "定位标记",
    "pos": "f"
  },
  {
    "word": "以下",
    "class": "定位标记",
    "pos": "f"
  },
  {
    "word": "之下",
    "class": "定位标记",
    "pos": "f"
  },
  {
    "word": "最下",
    "class": "定位标记",
    "pos": "f"
  },
  {
    "word": "偏下",
    "class": "定位标记",
    "pos": "f"
  },
  {
    "word": "正下方",
    "class": "定位标记",
    "pos": "f"
  },
  {
    "word": "斜下方",
    "class": "定位标记",
    "pos": "f"
  },
  {
    "word": "里",
    "class": "定位标记",
    "pos": "f"
  },
  {
    "word": "里面",
    "class": "定位标记",
    "pos": "f"
  },
  {
    "word": "里边",
    "class": "定位标记",
    "pos": "f"
  },
  {
    "word": "里头",
    "class": "定位标记",
    "pos": "f"
  },
  {
    "word": "以里",
    "class": "定位标记",
    "pos": "f"
  },
  {
    "word": "最里",
    "class": "定位标记",
    "pos": "f"
  },
  {
    "word": "中",
    "class": "定位标记",
    "pos": "f"
  },
  {
    "word": "中部",
    "class": "定位标记",
    "pos": "f"
  },
  {
    "word": "中游",
    "class": "定位标记",
    "pos": "f"
  },
  {
    "word": "中层",
    "class": "定位标记",
    "pos": "f"
  },
  {
    "word": "中央",
    "class": "定位标记",
    "pos": "f"
  },
  {
    "word": "中心",
    "class": "定位标记",
    "pos": "f"
  },
  {
    "word": "中上",
    "class": "定位标记",
    "pos": "f"
  },
  {
    "word": "中下",
    "class": "定位标记",
    "pos": "f"
  },
  {
    "word": "之中",
    "class": "定位标记",
    "pos": "f"
  },
  {
    "word": "正中",
    "class": "定位标记",
    "pos": "f"
  },
  {
    "word": "当中",
    "class": "定位标记",
    "pos": "f"
  },
  {
    "word": "内",
    "class": "定位标记",
    "pos": "f"
  },
  {
    "word": "内部",
    "class": "定位标记",
    "pos": "f"
  },
  {
    "word": "内侧",
    "class": "定位标记",
    "pos": "f"
  },
  {
    "word": "内端",
    "class": "定位标记",
    "pos": "f"
  },
  {
    "word": "内层",
    "class": "定位标记",
    "pos": "f"
  },
  {
    "word": "以内",
    "class": "定位标记",
    "pos": "f"
  },
  {
    "word": "最内",
    "class": "定位标记",
    "pos": "f"
  },
  {
    "word": "间",
    "class": "定位标记",
    "pos": "f"
  },
  {
    "word": "之间",
    "class": "定位标记",
    "pos": "f"
  },
  {
    "word": "当间",
    "class": "定位标记",
    "pos": "f"
  },
  {
    "word": "中间",
    "class": "定位标记",
    "pos": "f"
  },
  {
    "word": "外",
    "class": "定位标记",
    "pos": "f"
  },
  {
    "word": "外部",
    "class": "定位标记",
    "pos": "f"
  },
  {
    "word": "外面",
    "class": "定位标记",
    "pos": "f"
  },
  {
    "word": "外边",
    "class": "定位标记",
    "pos": "f"
  },
  {
    "word": "外头",
    "class": "定位标记",
    "pos": "f"
  },
  {
    "word": "外侧",
    "class": "定位标记",
    "pos": "f"
  },
  {
    "word": "外端",
    "class": "定位标记",
    "pos": "f"
  },
  {
    "word": "外层",
    "class": "定位标记",
    "pos": "f"
  },
  {
    "word": "以外",
    "class": "定位标记",
    "pos": "f"
  },
  {
    "word": "最外",
    "class": "定位标记",
    "pos": "f"
  },
  {
    "word": "前",
    "class": "定位标记",
    "pos": "f"
  },
  {
    "word": "前面",
    "class": "定位标记",
    "pos": "f"
  },
  {
    "word": "前方",
    "class": "定位标记",
    "pos": "f"
  },
  {
    "word": "前边",
    "class": "定位标记",
    "pos": "f"
  },
  {
    "word": "前头",
    "class": "定位标记",
    "pos": "f"
  },
  {
    "word": "前侧",
    "class": "定位标记",
    "pos": "f"
  },
  {
    "word": "前部",
    "class": "定位标记",
    "pos": "f"
  },
  {
    "word": "前端",
    "class": "定位标记",
    "pos": "f"
  },
  {
    "word": "最前",
    "class": "定位标记",
    "pos": "f"
  },
  {
    "word": "偏前",
    "class": "定位标记",
    "pos": "f"
  },
  {
    "word": "正前方",
    "class": "定位标记",
    "pos": "f"
  },
  {
    "word": "斜前方",
    "class": "定位标记",
    "pos": "f"
  },
  {
    "word": "后",
    "class": "定位标记",
    "pos": "f"
  },
  {
    "word": "后面",
    "class": "定位标记",
    "pos": "f"
  },
  {
    "word": "后方",
    "class": "定位标记",
    "pos": "f"
  },
  {
    "word": "后边",
    "class": "定位标记",
    "pos": "f"
  },
  {
    "word": "后头",
    "class": "定位标记",
    "pos": "f"
  },
  {
    "word": "后侧",
    "class": "定位标记",
    "pos": "f"
  },
  {
    "word": "后部",
    "class": "定位标记",
    "pos": "f"
  },
  {
    "word": "后端",
    "class": "定位标记",
    "pos": "f"
  },
  {
    "word": "最后",
    "class": "定位标记",
    "pos": "f"
  },
  {
    "word": "偏后",
    "class": "定位标记",
    "pos": "f"
  },
  {
    "word": "正后方",
    "class": "定位标记",
    "pos": "f"
  },
  {
    "word": "斜后方",
    "class": "定位标记",
    "pos": "f"
  },
  {
    "word": "左",
    "class": "定位标记",
    "pos": "f"
  },
  {
    "word": "左面",
    "class": "定位标记",
    "pos": "f"
  },
  {
    "word": "左方",
    "class": "定位标记",
    "pos": "f"
  },
  {
    "word": "左边",
    "class": "定位标记",
    "pos": "f"
  },
  {
    "word": "左侧",
    "class": "定位标记",
    "pos": "f"
  },
  {
    "word": "左端",
    "class": "定位标记",
    "pos": "f"
  },
  {
    "word": "左部",
    "class": "定位标记",
    "pos": "f"
  },
  {
    "word": "以左",
    "class": "定位标记",
    "pos": "f"
  },
  {
    "word": "最左",
    "class": "定位标记",
    "pos": "f"
  },
  {
    "word": "偏左",
    "class": "定位标记",
    "pos": "f"
  },
  {
    "word": "右",
    "class": "定位标记",
    "pos": "f"
  },
  {
    "word": "右面",
    "class": "定位标记",
    "pos": "f"
  },
  {
    "word": "右方",
    "class": "定位标记",
    "pos": "f"
  },
  {
    "word": "右边",
    "class": "定位标记",
    "pos": "f"
  },
  {
    "word": "右侧",
    "class": "定位标记",
    "pos": "f"
  },
  {
    "word": "右端",
    "class": "定位标记",
    "pos": "f"
  },
  {
    "word": "右部",
    "class": "定位标记",
    "pos": "f"
  },
  {
    "word": "以右",
    "class": "定位标记",
    "pos": "f"
  },
  {
    "word": "最右",
    "class": "定位标记",
    "pos": "f"
  },
  {
    "word": "偏右",
    "class": "定位标记",
    "pos": "f"
  },
  {
    "word": "旁",
    "class": "定位标记",
    "pos": "f"
  },
  {
    "word": "旁侧",
    "class": "定位标记",
    "pos": "f"
  },
  {
    "word": "旁边",
    "class": "定位标记",
    "pos": "f"
  },
  {
    "word": "近旁",
    "class": "定位标记",
    "pos": "f"
  },
  {
    "word": "一旁",
    "class": "定位标记",
    "pos": "f"
  },
  {
    "word": "两旁",
    "class": "定位标记",
    "pos": "f"
  },
  {
    "word": "边",
    "class": "定位标记",
    "pos": "f"
  },
  {
    "word": "边上",
    "class": "定位标记",
    "pos": "f"
  },
  {
    "word": "一边",
    "class": "定位标记",
    "pos": "f"
  },
  {
    "word": "两边",
    "class": "定位标记",
    "pos": "f"
  },
  {
    "word": "侧",
    "class": "定位标记",
    "pos": "f"
  },
  {
    "word": "侧边",
    "class": "定位标记",
    "pos": "f"
  },
  {
    "word": "侧面",
    "class": "定位标记",
    "pos": "f"
  },
  {
    "word": "一侧",
    "class": "定位标记",
    "pos": "f"
  },
  {
    "word": "两侧",
    "class": "定位标记",
    "pos": "f"
  },
  {
    "word": "周围",
    "class": "定位标记",
    "pos": "f"
  },
  {
    "word": "周边",
    "class": "定位标记",
    "pos": "f"
  },
  {
    "word": "四周",
    "class": "定位标记",
    "pos": "f"
  },
  {
    "word": "四围",
    "class": "定位标记",
    "pos": "f"
  },
  {
    "word": "一面",
    "class": "定位标记",
    "pos": "f"
  },
  {
    "word": "两面",
    "class": "定位标记",
    "pos": "f"
  },
  {
    "word": "三面",
    "class": "定位标记",
    "pos": "f"
  },
  {
    "word": "四面",
    "class": "定位标记",
    "pos": "f"
  },
  {
    "word": "四周围",
    "class": "定位标记",
    "pos": "f"
  },
  {
    "word": "一端",
    "class": "定位标记",
    "pos": "f"
  },
  {
    "word": "两端",
    "class": "定位标记",
    "pos": "f"
  },
  {
    "word": "一头",
    "class": "定位标记",
    "pos": "f"
  },
  {
    "word": "两头",
    "class": "定位标记",
    "pos": "f"
  },
  {
    "word": "附近",
    "class": "定位标记",
    "pos": "f"
  },
  {
    "word": "跟前",
    "class": "定位标记",
    "pos": "f"
  },
  {
    "word": "隔壁",
    "class": "定位标记",
    "pos": "f"
  },
  {
    "word": "对面",
    "class": "定位标记",
    "pos": "f"
  },
  {
    "word": "正对面",
    "class": "定位标记",
    "pos": "f"
  },
  {
    "word": "斜对面",
    "class": "定位标记",
    "pos": "f"
  },
  {
    "word": "东",
    "class": "定位标记",
    "pos": "f"
  },
  {
    "word": "东部",
    "class": "定位标记",
    "pos": "f"
  },
  {
    "word": "东方",
    "class": "定位标记",
    "pos": "f"
  },
  {
    "word": "东面",
    "class": "定位标记",
    "pos": "f"
  },
  {
    "word": "东边",
    "class": "定位标记",
    "pos": "f"
  },
  {
    "word": "东麓",
    "class": "定位标记",
    "pos": "f"
  },
  {
    "word": "东侧",
    "class": "定位标记",
    "pos": "f"
  },
  {
    "word": "东头",
    "class": "定位标记",
    "pos": "f"
  },
  {
    "word": "东端",
    "class": "定位标记",
    "pos": "f"
  },
  {
    "word": "东南",
    "class": "定位标记",
    "pos": "f"
  },
  {
    "word": "东北",
    "class": "定位标记",
    "pos": "f"
  },
  {
    "word": "以东",
    "class": "定位标记",
    "pos": "f"
  },
  {
    "word": "正东",
    "class": "定位标记",
    "pos": "f"
  },
  {
    "word": "最东",
    "class": "定位标记",
    "pos": "f"
  },
  {
    "word": "南",
    "class": "定位标记",
    "pos": "f"
  },
  {
    "word": "南部",
    "class": "定位标记",
    "pos": "f"
  },
  {
    "word": "南方",
    "class": "定位标记",
    "pos": "f"
  },
  {
    "word": "南面",
    "class": "定位标记",
    "pos": "f"
  },
  {
    "word": "南边",
    "class": "定位标记",
    "pos": "f"
  },
  {
    "word": "南麓",
    "class": "定位标记",
    "pos": "f"
  },
  {
    "word": "南侧",
    "class": "定位标记",
    "pos": "f"
  },
  {
    "word": "南头",
    "class": "定位标记",
    "pos": "f"
  },
  {
    "word": "南端",
    "class": "定位标记",
    "pos": "f"
  },
  {
    "word": "以南",
    "class": "定位标记",
    "pos": "f"
  },
  {
    "word": "正南",
    "class": "定位标记",
    "pos": "f"
  },
  {
    "word": "最南",
    "class": "定位标记",
    "pos": "f"
  },
  {
    "word": "西",
    "class": "定位标记",
    "pos": "f"
  },
  {
    "word": "西部",
    "class": "定位标记",
    "pos": "f"
  },
  {
    "word": "西方",
    "class": "定位标记",
    "pos": "f"
  },
  {
    "word": "西面",
    "class": "定位标记",
    "pos": "f"
  },
  {
    "word": "西边",
    "class": "定位标记",
    "pos": "f"
  },
  {
    "word": "西麓",
    "class": "定位标记",
    "pos": "f"
  },
  {
    "word": "西侧",
    "class": "定位标记",
    "pos": "f"
  },
  {
    "word": "西头",
    "class": "定位标记",
    "pos": "f"
  },
  {
    "word": "西端",
    "class": "定位标记",
    "pos": "f"
  },
  {
    "word": "西南",
    "class": "定位标记",
    "pos": "f"
  },
  {
    "word": "西北",
    "class": "定位标记",
    "pos": "f"
  },
  {
    "word": "以西",
    "class": "定位标记",
    "pos": "f"
  },
  {
    "word": "正西",
    "class": "定位标记",
    "pos": "f"
  },
  {
    "word": "最西",
    "class": "定位标记",
    "pos": "f"
  },
  {
    "word": "北",
    "class": "定位标记",
    "pos": "f"
  },
  {
    "word": "北部",
    "class": "定位标记",
    "pos": "f"
  },
  {
    "word": "北方",
    "class": "定位标记",
    "pos": "f"
  },
  {
    "word": "北面",
    "class": "定位标记",
    "pos": "f"
  },
  {
    "word": "北边",
    "class": "定位标记",
    "pos": "f"
  },
  {
    "word": "北麓",
    "class": "定位标记",
    "pos": "f"
  },
  {
    "word": "北侧",
    "class": "定位标记",
    "pos": "f"
  },
  {
    "word": "北头",
    "class": "定位标记",
    "pos": "f"
  },
  {
    "word": "北端",
    "class": "定位标记",
    "pos": "f"
  },
  {
    "word": "以北",
    "class": "定位标记",
    "pos": "f"
  },
  {
    "word": "正北",
    "class": "定位标记",
    "pos": "f"
  },
  {
    "word": "最北",
    "class": "定位标记",
    "pos": "f"
  },
  {
    "word": "顶",
    "class": "定位标记",
    "pos": "f"
  },
  {
    "word": "顶部",
    "class": "定位标记",
    "pos": "f"
  },
  {
    "word": "顶层",
    "class": "定位标记",
    "pos": "f"
  },
  {
    "word": "顶面",
    "class": "定位标记",
    "pos": "f"
  },
  {
    "word": "顶上",
    "class": "定位标记",
    "pos": "f"
  },
  {
    "word": "顶端",
    "class": "定位标记",
    "pos": "f"
  },
  {
    "word": "底",
    "class": "定位标记",
    "pos": "f"
  },
  {
    "word": "底部",
    "class": "定位标记",
    "pos": "f"
  },
  {
    "word": "底层",
    "class": "定位标记",
    "pos": "f"
  },
  {
    "word": "底面",
    "class": "定位标记",
    "pos": "f"
  },
  {
    "word": "底下",
    "class": "定位标记",
    "pos": "f"
  },
  {
    "word": "头",
    "class": "定位标记",
    "pos": "f"
  },
  {
    "word": "头部",
    "class": "定位标记",
    "pos": "f"
  },
  {
    "word": "尾",
    "class": "定位标记",
    "pos": "f"
  },
  {
    "word": "尾部",
    "class": "定位标记",
    "pos": "f"
  },
  {
    "word": "正面",
    "class": "定位标记",
    "pos": "f"
  },
  {
    "word": "背面",
    "class": "定位标记",
    "pos": "f"
  },
  {
    "word": "背后",
    "class": "定位标记",
    "pos": "f"
  },
  {
    "word": "身后",
    "class": "定位标记",
    "pos": "f"
  },
  {
    "word": "面前",
    "class": "定位标记",
    "pos": "f"
  },
  {
    "word": "眼前",
    "class": "定位标记",
    "pos": "f"
  },
  {
    "word": "远处",
    "class": "定位标记",
    "pos": "f"
  },
  {
    "word": "远端",
    "class": "定位标记",
    "pos": "f"
  },
  {
    "word": "不远处",
    "class": "定位标记",
    "pos": "f"
  },
  {
    "word": "近处",
    "class": "定位标记",
    "pos": "f"
  },
  {
    "word": "近端",
    "class": "定位标记",
    "pos": "f"
  },
  {
    "word": "深处",
    "class": "定位标记",
    "pos": "f"
  },
  {
    "word": "深层",
    "class": "定位标记",
    "pos": "f"
  },
  {
    "word": "浅处",
    "class": "定位标记",
    "pos": "f"
  },
  {
    "word": "浅层",
    "class": "定位标记",
    "pos": "f"
  },
  {
    "word": "表层",
    "class": "定位标记",
    "pos": "f"
  },
  {
    "word": "表面",
    "class": "定位标记",
    "pos": "f"
  },
  {
    "word": "高处",
    "class": "定位标记",
    "pos": "f"
  },
  {
    "word": "高层",
    "class": "定位标记",
    "pos": "f"
  },
  {
    "word": "低处",
    "class": "定位标记",
    "pos": "f"
  },
  {
    "word": "低层",
    "class": "定位标记",
    "pos": "f"
  },
  {
    "word": "向心",
    "class": "朝向标记",
    "pos": "adj"
  },
  {
    "word": "离心",
    "class": "朝向标记",
    "pos": "adj"
  },
  {
    "word": "远",
    "class": "距离标记",
    "pos": "adj"
  },
  {
    "word": "近",
    "class": "距离标记",
    "pos": "adj"
  },
  {
    "word": "深",
    "class": "距离标记",
    "pos": "adj"
  },
  {
    "word": "浅",
    "class": "距离标记",
    "pos": "adj"
  },
  {
    "word": "高",
    "class": "形态标记",
    "pos": "adj"
  },
  {
    "word": "低",
    "class": "形态标记",
    "pos": "adj"
  },
  {
    "word": "矮",
    "class": "形态标记",
    "pos": "adj"
  },
  {
    "word": "宽",
    "class": "形态标记",
    "pos": "adj"
  },
  {
    "word": "窄",
    "class": "形态标记",
    "pos": "adj"
  },
  {
    "word": "短",
    "class": "形态标记",
    "pos": "adj"
  },
  {
    "word": "长",
    "class": "形态标记",
    "pos": "adj"
  },
  {
    "word": "厚",
    "class": "形态标记",
    "pos": "adj"
  },
  {
    "word": "薄",
    "class": "形态标记",
    "pos": "adj"
  },
  {
    "word": "平",
    "class": "形态标记",
    "pos": "adj"
  },
  {
    "word": "直",
    "class": "形态标记",
    "pos": "adj"
  },
  {
    "word": "弯",
    "class": "形态标记",
    "pos": "adj"
  },
  {
    "word": "扁",
    "class": "形态标记",
    "pos": "adj"
  },
  {
    "word": "圆",
    "class": "形态标记",
    "pos": "adj"
  },
  {
    "word": "方",
    "class": "形态标记",
    "pos": "adj"
  },
  {
    "word": "斜",
    "class": "形态标记",
    "pos": "adj"
  },
  {
    "word": "正",
    "class": "形态标记",
    "pos": "adj"
  },
  {
    "word": "凹",
    "class": "形态标记",
    "pos": "adj"
  },
  {
    "word": "凸",
    "class": "形态标记",
    "pos": "adj"
  },
  {
    "word": "进",
    "class": "趋向标记",
    "pos": "v"
  },
  {
    "word": "出",
    "class": "趋向标记",
    "pos": "v"
  },
  {
    "word": "上",
    "class": "趋向标记",
    "pos": "v"
  },
  {
    "word": "下",
    "class": "趋向标记",
    "pos": "v"
  },
  {
    "word": "回",
    "class": "趋向标记",
    "pos": "v"
  },
  {
    "word": "来",
    "class": "趋向标记",
    "pos": "v"
  },
  {
    "word": "去",
    "class": "趋向标记",
    "pos": "v"
  },
  {
    "word": "入",
    "class": "趋向标记",
    "pos": "v"
  },
  {
    "word": "进来",
    "class": "趋向标记",
    "pos": "v"
  },
  {
    "word": "进去",
    "class": "趋向标记",
    "pos": "v"
  },
  {
    "word": "进入",
    "class": "趋向标记",
    "pos": "v"
  },
  {
    "word": "出来",
    "class": "趋向标记",
    "pos": "v"
  },
  {
    "word": "出去",
    "class": "趋向标记",
    "pos": "v"
  },
  {
    "word": "上来",
    "class": "趋向标记",
    "pos": "v"
  },
  {
    "word": "上去",
    "class": "趋向标记",
    "pos": "v"
  },
  {
    "word": "下来",
    "class": "趋向标记",
    "pos": "v"
  },
  {
    "word": "下去",
    "class": "趋向标记",
    "pos": "v"
  },
  {
    "word": "回来",
    "class": "趋向标记",
    "pos": "v"
  },
  {
    "word": "回去",
    "class": "趋向标记",
    "pos": "v"
  },
  {
    "word": "过来",
    "class": "趋向标记",
    "pos": "v"
  },
  {
    "word": "过去",
    "class": "趋向标记",
    "pos": "v"
  },
  {
    "word": "起来",
    "class": "趋向标记",
    "pos": "v"
  },
  {
    "word": "进",
    "class": "方向标记",
    "pos": "v"
  },
  {
    "word": "退",
    "class": "方向标记",
    "pos": "v"
  },
  {
    "word": "升",
    "class": "方向标记",
    "pos": "v"
  },
  {
    "word": "降",
    "class": "方向标记",
    "pos": "v"
  },
  {
    "word": "前进",
    "class": "方向标记",
    "pos": "v"
  },
  {
    "word": "前往",
    "class": "方向标记",
    "pos": "v"
  },
  {
    "word": "后退",
    "class": "方向标记",
    "pos": "v"
  },
  {
    "word": "倒退",
    "class": "方向标记",
    "pos": "v"
  },
  {
    "word": "上升",
    "class": "方向标记",
    "pos": "v"
  },
  {
    "word": "升高",
    "class": "方向标记",
    "pos": "v"
  },
  {
    "word": "下降",
    "class": "方向标记",
    "pos": "v"
  },
  {
    "word": "降落",
    "class": "方向标记",
    "pos": "v"
  },
  {
    "word": "降低",
    "class": "方向标记",
    "pos": "v"
  },
  {
    "word": "在",
    "class": "定位标记",
    "pos": "v"
  },
  {
    "word": "有",
    "class": "定位标记",
    "pos": "v"
  },
  {
    "word": "是",
    "class": "定位标记",
    "pos": "v"
  },
  {
    "word": "位于",
    "class": "定位标记",
    "pos": "v"
  },
  {
    "word": "居于",
    "class": "定位标记",
    "pos": "v"
  },
  {
    "word": "坐落",
    "class": "定位标记",
    "pos": "v"
  },
  {
    "word": "雄踞",
    "class": "定位标记",
    "pos": "v"
  },
  {
    "word": "出发",
    "class": "行程标记",
    "pos": "v"
  },
  {
    "word": "启程",
    "class": "行程标记",
    "pos": "v"
  },
  {
    "word": "离开",
    "class": "行程标记",
    "pos": "v"
  },
  {
    "word": "撤退",
    "class": "行程标记",
    "pos": "v"
  },
  {
    "word": "抵达",
    "class": "行程标记",
    "pos": "v"
  },
  {
    "word": "到达",
    "class": "行程标记",
    "pos": "v"
  },
  {
    "word": "登陆",
    "class": "行程标记",
    "pos": "v"
  },
  {
    "word": "途经",
    "class": "行程标记",
    "pos": "v"
  },
  {
    "word": "经过",
    "class": "行程标记",
    "pos": "v"
  },
  {
    "word": "路过",
    "class": "行程标记",
    "pos": "v"
  },
  {
    "word": "连接",
    "class": "行程标记",
    "pos": "v"
  },
  {
    "word": "纵贯",
    "class": "行程标记",
    "pos": "v"
  },
  {
    "word": "横贯",
    "class": "行程标记",
    "pos": "v"
  },
  {
    "word": "横穿",
    "class": "行程标记",
    "pos": "v"
  },
  {
    "word": "横渡",
    "class": "行程标记",
    "pos": "v"
  },
  {
    "word": "斜穿",
    "class": "行程标记",
    "pos": "v"
  },
  {
    "word": "直通",
    "class": "行程标记",
    "pos": "v"
  },
  {
    "word": "直行",
    "class": "行程标记",
    "pos": "v"
  },
  {
    "word": "拐弯",
    "class": "行程标记",
    "pos": "v"
  },
  {
    "word": "转弯",
    "class": "行程标记",
    "pos": "v"
  },
  {
    "word": "环绕",
    "class": "行程标记",
    "pos": "v"
  },
  {
    "word": "围绕",
    "class": "行程标记",
    "pos": "v"
  },
  {
    "word": "贴",
    "class": "距离标记",
    "pos": "v"
  },
  {
    "word": "靠",
    "class": "距离标记",
    "pos": "v"
  },
  {
    "word": "靠近",
    "class": "距离标记",
    "pos": "v"
  },
  {
    "word": "接近",
    "class": "距离标记",
    "pos": "v"
  },
  {
    "word": "毗邻",
    "class": "距离标记",
    "pos": "v"
  },
  {
    "word": "相邻",
    "class": "距离标记",
    "pos": "v"
  },
  {
    "word": "接壤",
    "class": "距离标记",
    "pos": "v"
  },
  {
    "word": "距离",
    "class": "距离标记",
    "pos": "v"
  },
  {
    "word": "离开",
    "class": "距离标记",
    "pos": "v"
  },
  {
    "word": "远离",
    "class": "距离标记",
    "pos": "v"
  },
  {
    "word": "分开",
    "class": "距离标记",
    "pos": "v"
  },
  {
    "word": "仰",
    "class": "朝向标记",
    "pos": "v"
  },
  {
    "word": "俯",
    "class": "朝向标记",
    "pos": "v"
  },
  {
    "word": "侧",
    "class": "朝向标记",
    "pos": "v"
  },
  {
    "word": "扭",
    "class": "朝向标记",
    "pos": "v"
  },
  {
    "word": "转",
    "class": "朝向标记",
    "pos": "v"
  },
  {
    "word": "仰望",
    "class": "朝向标记",
    "pos": "v"
  },
  {
    "word": "俯瞰",
    "class": "朝向标记",
    "pos": "v"
  },
  {
    "word": "面对",
    "class": "朝向标记",
    "pos": "v"
  },
  {
    "word": "背对",
    "class": "朝向标记",
    "pos": "v"
  },
  {
    "word": "掉头",
    "class": "朝向标记",
    "pos": "v"
  },
  {
    "word": "旋转",
    "class": "朝向标记",
    "pos": "v"
  },
  {
    "word": "直",
    "class": "形态标记",
    "pos": "v"
  },
  {
    "word": "弯",
    "class": "形态标记",
    "pos": "v"
  },
  {
    "word": "屈",
    "class": "形态标记",
    "pos": "v"
  },
  {
    "word": "倾斜",
    "class": "形态标记",
    "pos": "v"
  },
  {
    "word": "弯曲",
    "class": "形态标记",
    "pos": "v"
  },
  {
    "word": "并拢",
    "class": "形态标记",
    "pos": "v"
  },
  {
    "word": "交叉",
    "class": "形态标记",
    "pos": "v"
  },
  {
    "word": "重叠",
    "class": "形态标记",
    "pos": "v"
  },
  {
    "word": "平行",
    "class": "形态标记",
    "pos": "v"
  },
  {
    "word": "垂直",
    "class": "形态标记",
    "pos": "v"
  },
  {
    "word": "在",
    "class": "定位标记",
    "pos": "p"
  },
  {
    "word": "于",
    "class": "定位标记",
    "pos": "p"
  },
  {
    "word": "到",
    "class": "行程标记",
    "pos": "p"
  },
  {
    "word": "至",
    "class": "行程标记",
    "pos": "p"
  },
  {
    "word": "从",
    "class": "行程标记",
    "pos": "p"
  },
  {
    "word": "自",
    "class": "行程标记",
    "pos": "p"
  },
  {
    "word": "由",
    "class": "行程标记",
    "pos": "p"
  },
  {
    "word": "向",
    "class": "方向标记",
    "pos": "p"
  },
  {
    "word": "向着",
    "class": "方向标记",
    "pos": "p"
  },
  {
    "word": "往",
    "class": "方向标记",
    "pos": "p"
  },
  {
    "word": "朝",
    "class": "朝向标记",
    "pos": "p"
  },
  {
    "word": "朝着",
    "class": "朝向标记",
    "pos": "p"
  },
  {
    "word": "向",
    "class": "朝向标记",
    "pos": "p"
  },
  {
    "word": "向着",
    "class": "朝向标记",
    "pos": "p"
  },
  {
    "word": "对",
    "class": "朝向标记",
    "pos": "p"
  },
  {
    "word": "对着",
    "class": "朝向标记",
    "pos": "p"
  },
  {
    "word": "沿",
    "class": "行程标记",
    "pos": "p"
  },
  {
    "word": "沿着",
    "class": "行程标记",
    "pos": "p"
  },
  {
    "word": "顺",
    "class": "行程标记",
    "pos": "p"
  },
  {
    "word": "顺着",
    "class": "行程标记",
    "pos": "p"
  },
  {
    "word": "经",
    "class": "行程标记",
    "pos": "p"
  },
  {
    "word": "过",
    "class": "行程标记",
    "pos": "p"
  },
  {
    "word": "距",
    "class": "距离标记",
    "pos": "p"
  },
  {
    "word": "离",
    "class": "距离标记",
    "pos": "p"
  },
  {
    "word": "到处",
    "class": "定位标记",
    "pos": "adv"
  },
  {
    "word": "处处",
    "class": "定位标记",
    "pos": "adv"
  },
  {
    "word": "四处",
    "class": "定位标记",
    "pos": "adv"
  },
  {
    "word": "正向",
    "class": "方向标记",
    "pos": "adv"
  },
  {
    "word": "逆向",
    "class": "方向标记",
    "pos": "adv"
  },
  {
    "word": "同向",
    "class": "方向标记",
    "pos": "adv"
  },
  {
    "word": "同方向",
    "class": "方向标记",
    "pos": "adv"
  },
  {
    "word": "反向",
    "class": "方向标记",
    "pos": "adv"
  },
  {
    "word": "反方向",
    "class": "方向标记",
    "pos": "adv"
  }
]